sweep,noise_model,delta_per_mode,relative_l2_noise,method,mean_relative_l2,aggregate_relative_l2,median_relative_l2,std_relative_l2,stderr_relative_l2,n_samples
paper_grid,critical,0.1,0.24750457106345186,scnet,0.24889786307194536,0.20601768860262462,0.2290501500559332,0.1096976188418169,0.004905826654003287,500
paper_grid,critical,0.1,0.24750457106345186,oracle_tikhonov,0.2601935550884834,0.2239559056922563,0.24688708013088817,0.10214783976405446,0.0045681902693436366,500
paper_grid,critical,0.1,0.24750457106345186,oracle_tsvd,0.23146137571588524,0.19092534761867927,0.21417085967905367,0.09983727382541605,0.004464858619237815,500
paper_grid,critical,0.1,0.24750457106345186,tikhonov_discrepancy,0.30716191979187357,0.26284618284878064,0.28298015080486033,0.13732207320507436,0.0061412298099549735,500
paper_grid,critical,0.1,0.24750457106345186,prior_wiener,0.248178653763449,0.20457053013816104,0.23095335769091008,0.10945208126932789,0.004894845879940972,500
paper_grid,critical,0.1,0.24750457106345186,oracle_spectral_bound,0.14732529973725605,0.13605177720396538,0.13357944792391507,0.09228701680097143,0.004127200860152746,500
paper_grid,critical,0.05,0.12375228553172593,scnet,0.17863483670691996,0.14502978882102105,0.16998943910507552,0.07422797823824044,0.003319576103461614,500
paper_grid,critical,0.05,0.12375228553172593,oracle_tikhonov,0.1891238238643425,0.1567870145238102,0.17831935128766155,0.07153094190244205,0.003198960971768971,500
paper_grid,critical,0.05,0.12375228553172593,oracle_tsvd,0.16546864409359374,0.1325783971813308,0.15396261939128136,0.07041098598407403,0.0031488750204634887,500
paper_grid,critical,0.05,0.12375228553172593,tikhonov_discrepancy,0.21682996941818533,0.17473988278060978,0.1978714495760817,0.09735827443775574,0.004353994396298039,500
paper_grid,critical,0.05,0.12375228553172593,prior_wiener,0.17820485655240953,0.14407344503660754,0.16859478839237346,0.07402850747063068,0.0033106554995436244,500
paper_grid,critical,0.05,0.12375228553172593,oracle_spectral_bound,0.10526412005429944,0.0937743816023561,0.09855840251217013,0.06007198106206406,0.0026865006639571047,500
paper_grid,critical,0.01,0.024750457106345186,scnet,0.08148584101550503,0.062343071076258624,0.07706426347816367,0.032383424208287374,0.0014482307574788574,500
paper_grid,critical,0.01,0.024750457106345186,oracle_tikhonov,0.08775627938177516,0.06862404669183118,0.08305577524434227,0.032259384122042704,0.001442683516183297,500
paper_grid,critical,0.01,0.024750457106345186,oracle_tsvd,0.07740277375081779,0.0581596742793889,0.07319425599893312,0.030950467217830523,0.0013841469726889567,500
paper_grid,critical,0.01,0.024750457106345186,tikhonov_discrepancy,0.09744530321094319,0.07357976618824646,0.08876828102637715,0.041911134371935575,0.001874322909395518,500
paper_grid,critical,0.01,0.024750457106345186,prior_wiener,0.08090986236321845,0.06210027002248284,0.0764199396189007,0.03163456127276821,0.0014147405888858397,500
paper_grid,critical,0.01,0.024750457106345186,oracle_spectral_bound,0.048685266778346385,0.03925408779220929,0.04397835808468799,0.023996754855462234,0.0010731675019242338,500
paper_grid,critical,0.005,0.012375228553172593,scnet,0.057637173009025315,0.04342833866027806,0.054048543467938984,0.022653862398455515,0.0010131115255174591,500
paper_grid,critical,0.005,0.012375228553172593,oracle_tikhonov,0.06269473787090996,0.04825846580038718,0.058856959696807015,0.022821396173141675,0.0010206038636919668,500
paper_grid,critical,0.005,0.012375228553172593,oracle_tsvd,0.05599356350203592,0.04178375097483434,0.0523008340141074,0.02166167874032951,0.000968739723402776,500
paper_grid,critical,0.005,0.012375228553172593,tikhonov_discrepancy,0.0689824194153058,0.051374022273217586,0.06283280454708823,0.029187200684157463,0.001305291296054089,500
paper_grid,critical,0.005,0.012375228553172593,prior_wiener,0.05705100376266064,0.04310396544239521,0.053416092618792224,0.022125323073623103,0.0009894745283353169,500
paper_grid,critical,0.005,0.012375228553172593,oracle_spectral_bound,0.03502341630871148,0.0276361602334977,0.03231296665793125,0.01651945411929002,0.0007387724472384281,500
paper_grid,critical,0.001,0.002475045710634519,scnet,0.026228583401203633,0.019709176078278504,0.024844018221432514,0.009377473845527716,0.0004193733795165267,500
paper_grid,critical,0.001,0.002475045710634519,oracle_tikhonov,0.0286690875168429,0.021627828763067035,0.027130857691882233,0.009966285449933089,0.00044570583498434926,500
paper_grid,critical,0.001,0.002475045710634519,oracle_tsvd,0.02636190681816326,0.01968575670997552,0.025081129894867743,0.009514827018973859,0.00042551600017154455,500
paper_grid,critical,0.001,0.002475045710634519,tikhonov_discrepancy,0.03076562354901311,0.022696625457917733,0.028542865710942986,0.011968954961225407,0.0005352679382586673,500
paper_grid,critical,0.001,0.002475045710634519,prior_wiener,0.0258838333179342,0.01952081711487663,0.024418025456645644,0.009210589968714808,0.0004119101056584794,500
paper_grid,critical,0.001,0.002475045710634519,oracle_spectral_bound,0.016202151551990236,0.012446888730599261,0.01514189408323766,0.006771009281302487,0.00030280874058548715,500
extended_grid,critical,0.01,0.02869080037864848,scnet,0.08093124139093515,0.06202757222050816,0.07609342572979555,0.03176383966336202,0.0014205220942736302,500
extended_grid,critical,0.01,0.02869080037864848,oracle_tikhonov,0.08775720769313755,0.06862435406736106,0.08305587390249078,0.0322599843126283,0.001442710357522274,500
extended_grid,critical,0.01,0.02869080037864848,oracle_tsvd,0.07740328197366157,0.05815983235195701,0.07319510442483675,0.030950824497765133,0.0013841629507333724,500
extended_grid,critical,0.01,0.02869080037864848,tikhonov_discrepancy,0.09871240254667316,0.07416244439973015,0.08976644789480526,0.04283627417357914,0.0019156964190988315,500
extended_grid,critical,0.01,0.02869080037864848,prior_wiener,0.08091035929927168,0.06210041799413716,0.07642072286327277,0.03163488255479848,0.0014147549570550323,500
extended_grid,critical,0.01,0.02869080037864848,oracle_spectral_bound,0.04868571026097837,0.03925420451777409,0.04397867418879664,0.023996909434728604,0.0010731744149191842,500
extended_grid,critical,0.003,0.008607240113594544,scnet,0.0443504542450285,0.03337372849494605,0.04174880343283493,0.01685009077122941,0.0007535589678302162,500
extended_grid,critical,0.003,0.008607240113594544,oracle_tikhonov,0.04895121405475767,0.03736143986816077,0.046829691961633946,0.017604151088767565,0.0007872815704132242,500
extended_grid,critical,0.003,0.008607240113594544,oracle_tsvd,0.04411256915363351,0.03297386091263247,0.041268034009088676,0.016890020388425877,0.0007553446745975532,500
extended_grid,critical,0.003,0.008607240113594544,tikhonov_discrepancy,0.053937027201529784,0.039716250549619594,0.04959812772536118,0.02267395441362368,0.0010140100677518786,500
extended_grid,critical,0.003,0.008607240113594544,prior_wiener,0.044323152875854,0.03334766346846357,0.04154838331576173,0.016853693308136363,0.0007537200781785244,500
extended_grid,critical,0.003,0.008607240113594544,oracle_spectral_bound,0.027437479488595085,0.021533331146926675,0.02560466887662649,0.012608655996914447,0.0005638762382802216,500
extended_grid,critical,0.001,0.0028690800378648475,scnet,0.025919830064168866,0.019557798644778964,0.024492003876730756,0.009233959527460353,0.00041295522409766366,500
extended_grid,critical,0.001,0.0028690800378648475,oracle_tikhonov,0.028671858233521988,0.0216287124230999,0.02713155388229803,0.009968661616656336,0.0004458121003907303,500
extended_grid,critical,0.001,0.0028690800378648475,oracle_tsvd,0.02636338820639275,0.019686225118685435,0.025084390052843304,0.009516084640425774,0.00042557224271267346,500
extended_grid,critical,0.001,0.0028690800378648475,tikhonov_discrepancy,0.031009125039947922,0.022761432969808724,0.028618383354912277,0.012216315933796719,0.0005463302572516656,500
extended_grid,critical,0.001,0.0028690800378648475,prior_wiener,0.025885351201038367,0.019521289484628584,0.024418338575367224,0.009211863905538726,0.0004119670778452258,500
extended_grid,critical,0.001,0.0028690800378648475,oracle_spectral_bound,0.016203397280649724,0.012447257873363057,0.015143806615415329,0.006771802548558611,0.0003028442165756675,500
extended_grid,critical,0.0003,0.0008607240113594538,scnet,0.014196152253744128,0.010750862460557028,0.01347004657138099,0.004720550471536864,0.00021110943491150225,500
extended_grid,critical,0.0003,0.0008607240113594538,oracle_tikhonov,0.015845153153468947,0.01192636962519901,0.015244218421994757,0.0052553011133453,0.00023502421063340833,500
extended_grid,critical,0.0003,0.0008607240113594538,oracle_tsvd,0.014693229597123235,0.011079337165797256,0.013851377009225155,0.00499762123366427,0.00022350041608539337,500
extended_grid,critical,0.0003,0.0008607240113594538,tikhonov_discrepancy,0.01688331713031289,0.012446351641143967,0.015673380698606493,0.006234589471737663,0.0002788193174121984,500
extended_grid,critical,0.0003,0.0008607240113594538,prior_wiener,0.014173698689063027,0.010734013948207072,0.01336925003095888,0.004708797036157996,0.00021058380530197625,500
extended_grid,critical,0.0003,0.0008607240113594538,oracle_spectral_bound,0.008776921763932105,0.0066904399704560205,0.008248616321401635,0.003315569549300191,0.00014827677792727132,500
extended_grid,critical,0.0001,0.00028690800378648463,scnet,0.008224443773249462,0.006235556468022536,0.007820271673566671,0.0026121294432410232,0.00011681798002231213,500
extended_grid,critical,0.0001,0.00028690800378648463,oracle_tikhonov,0.009195027120252284,0.006936740562623167,0.00882112239989079,0.002926672462333269,0.00013088477147307764,500
extended_grid,critical,0.0001,0.00028690800378648463,oracle_tsvd,0.00855198362645505,0.006420475503355592,0.008058342787308923,0.0027659572247378007,0.0001236973675474077,500
extended_grid,critical,0.0001,0.00028690800378648463,tikhonov_discrepancy,0.009694647126116769,0.007194180344657938,0.009067695053755395,0.0034095339738418277,0.0001524789947421063,500
extended_grid,critical,0.0001,0.00028690800378648463,prior_wiener,0.00821566501682948,0.0062262752172946014,0.007804490007475261,0.002609873375841621,0.00011671708562097442,500
extended_grid,critical,0.0001,0.00028690800378648463,oracle_spectral_bound,0.00510978551506484,0.003889041186606445,0.004913258609167465,0.0017754384823618738,7.940002272860421e-05,500
extended_grid,critical,3e-05,8.607240113594485e-05,scnet,0.004521598440146365,0.0034464954234102855,0.0043211454834543445,0.0013865466650658474,6.200825194125736e-05,500
extended_grid,critical,3e-05,8.607240113594485e-05,oracle_tikhonov,0.005059682064742317,0.0038314520443494173,0.00483202907445727,0.001564961952102126,6.998722614202247e-05,500
extended_grid,critical,3e-05,8.607240113594485e-05,oracle_tsvd,0.00480832756638849,0.0036232648416997847,0.004525910861248299,0.001515252829580898,6.776416660083584e-05,500
extended_grid,critical,3e-05,8.607240113594485e-05,tikhonov_discrepancy,0.00528844012342082,0.003952459273008142,0.0049786915269820365,0.0017700595629468515,7.915947013945455e-05,500
extended_grid,critical,3e-05,8.607240113594485e-05,prior_wiener,0.004518168611775295,0.003444075549130219,0.004305691330753449,0.0013856847159432588,6.196970440463226e-05,500
extended_grid,critical,3e-05,8.607240113594485e-05,oracle_spectral_bound,0.0028567596829690554,0.002185797070589412,0.0027235259959178196,0.0009389058810604413,4.198914749050958e-05,500
extended_grid,critical,1e-05,2.8690800378648647e-05,scnet,0.0026053411268556416,0.001987799165265345,0.0024736087688119364,0.0007929546120806027,3.546200831368407e-05,500
extended_grid,critical,1e-05,2.8690800378648647e-05,oracle_tikhonov,0.0029286002336299573,0.0022226034610702433,0.0027590215674861253,0.0008956472535098703,4.005456285418114e-05,500
extended_grid,critical,1e-05,2.8690800378648647e-05,oracle_tsvd,0.002801144359805674,0.0021270593187293924,0.0026390653812061685,0.0008697995596985006,3.8898618845704674e-05,500
extended_grid,critical,1e-05,2.8690800378648647e-05,tikhonov_discrepancy,0.003040785511845638,0.0022825333599797585,0.002871161334200086,0.0009885953032894841,4.421132600784616e-05,500
extended_grid,critical,1e-05,2.8690800378648647e-05,prior_wiener,0.0026033142390253106,0.0019856523513815554,0.0024639392236298512,0.0007932371217813353,3.547464253158689e-05,500
extended_grid,critical,1e-05,2.8690800378648647e-05,oracle_spectral_bound,0.001655420443298575,0.001265352317955523,0.0015571027095795022,0.00053458744898193,2.390747751683592e-05,500
extended_grid,critical,3e-06,8.607240113593455e-06,scnet,0.0014298276856685374,0.001089745285786748,0.0013433025425169348,0.0004330023047346143,1.936445175601353e-05,500
extended_grid,critical,3e-06,8.607240113593455e-06,oracle_tikhonov,0.0016085533204774878,0.0012215544326523162,0.0015212432348562256,0.0004906636804252743,2.1943146870422924e-05,500
extended_grid,critical,3e-06,8.607240113593455e-06,oracle_tsvd,0.0015487695671170456,0.001177256347040346,0.001468829548172386,0.0004747205534609845,2.1230148557101687e-05,500
extended_grid,critical,3e-06,8.607240113593455e-06,tikhonov_discrepancy,0.0016602452753386521,0.0012487662480203437,0.0015452393247443958,0.0005326750079393457,2.3821950553352343e-05,500
extended_grid,critical,3e-06,8.607240113593455e-06,prior_wiener,0.0014290381254573358,0.0010888119634862125,0.0013424065233952928,0.00043329985165626537,1.9377758458879684e-05,500
extended_grid,critical,3e-06,8.607240113593455e-06,oracle_spectral_bound,0.0009068479952807889,0.0006902449711972032,0.0008418204088849224,0.00028997286039208667,1.2967980549335241e-05,500
extended_grid,critical,1e-06,2.8690800378640813e-06,scnet,0.0008257759829161827,0.0006279558259962066,0.0007765073541859419,0.0002516812102802084,1.1255525896919298e-05,500
extended_grid,critical,1e-06,2.8690800378640813e-06,oracle_tikhonov,0.0009303451097062708,0.0007070719891758996,0.0008701165844705533,0.00028288021373049874,1.2650787747821291e-05,500
extended_grid,critical,1e-06,2.8690800378640813e-06,oracle_tsvd,0.0008997347265034279,0.0006826987174858735,0.0008466803312199436,0.0002745295456365547,1.2277334517509341e-05,500
extended_grid,critical,1e-06,2.8690800378640813e-06,tikhonov_discrepancy,0.0009563198855529999,0.0007202770798793587,0.0008852884250925711,0.0003044438691485881,1.3615143734985881e-05,500
extended_grid,critical,1e-06,2.8690800378640813e-06,prior_wiener,0.0008253995458956697,0.0006276460738223958,0.0007758277595691914,0.000251616032476941,1.1252611056944695e-05,500
extended_grid,critical,1e-06,2.8690800378640813e-06,oracle_spectral_bound,0.0005259622499956729,0.00039989529854056964,0.00048744291916565216,0.0001666155569530495,7.451274229120128e-06,500
extended_grid,critical,3e-07,8.607240113597783e-07,scnet,0.00045092212858682357,0.00034402547008188046,0.0004237930044392056,0.0001352647935148148,6.049225465231972e-06,500
extended_grid,critical,3e-07,8.607240113597783e-07,oracle_tikhonov,0.000509226997834658,0.0003877208115695035,0.00047846771111524785,0.00015302745940059506,6.843596032876395e-06,500
extended_grid,critical,3e-07,8.607240113597783e-07,oracle_tsvd,0.0004941100659618104,0.00037489359443009104,0.0004628902058680886,0.00014929752645526098,6.676788360530735e-06,500
extended_grid,critical,3e-07,8.607240113597783e-07,tikhonov_discrepancy,0.0005216519739008408,0.00039375688389525846,0.00048693822350054513,0.00016368932627157327,7.3204092146876e-06,500
extended_grid,critical,3e-07,8.607240113597783e-07,prior_wiener,0.00045063949641825873,0.00034383853044367565,0.0004230011145395402,0.00013523370177797176,6.047835000489581e-06,500
extended_grid,critical,3e-07,8.607240113597783e-07,oracle_spectral_bound,0.0002872506680941909,0.0002194755140067575,0.000268127255387571,8.856778980678194e-05,3.960871972497547e-06,500
extended_grid,critical,1e-07,2.8690800378679903e-07,scnet,0.00026007346913306436,0.00019832853528695192,0.00024493380241281146,7.735017650952441e-05,3.45920505493808e-06,500
extended_grid,critical,1e-07,2.8690800378679903e-07,oracle_tikhonov,0.00029346232753666335,0.00022366681957628718,0.0002776810516833089,8.716972599339804e-05,3.8983486580253675e-06,500
extended_grid,critical,1e-07,2.8690800378679903e-07,oracle_tsvd,0.0002875585532242384,0.00021793741921102128,0.00027391484819223953,8.7023466692348e-05,3.891807743235578e-06,500
extended_grid,critical,1e-07,2.8690800378679903e-07,tikhonov_discrepancy,0.00029974505638609016,0.0002266588479542823,0.0002807195955400137,9.260532251327582e-05,4.141435924359528e-06,500
extended_grid,critical,1e-07,2.8690800378679903e-07,prior_wiener,0.00025991742591955036,0.00019820124348396943,0.00024468824330453154,7.732566509995978e-05,3.4581088713778623e-06,500
extended_grid,critical,1e-07,2.8690800378679903e-07,oracle_spectral_bound,0.00016553819408434762,0.00012648159347364803,0.00015577797208720783,4.99857316710482e-05,2.2354298784305587e-06,500
extended_grid,critical,3e-08,8.607240113580895e-08,scnet,0.00014233310641146882,0.00010836493100620375,0.00013486107901626945,4.197938277732177e-05,1.8773750708715078e-06,500
extended_grid,critical,3e-08,8.607240113580895e-08,oracle_tikhonov,0.0001601003019602907,0.00012217652035857555,0.00015173166111446873,4.688376461596848e-05,2.096705694448097e-06,500
extended_grid,critical,3e-08,8.607240113580895e-08,oracle_tsvd,0.00015809369684126402,0.00011991955413182384,0.0001502661445375167,4.709126772811642e-05,2.1059855157342076e-06,500
extended_grid,critical,3e-08,8.607240113580895e-08,tikhonov_discrepancy,0.00016320820198918585,0.00012361837176039827,0.0001534887652740681,4.9622179103903915e-05,2.219171313359975e-06,500
extended_grid,critical,3e-08,8.607240113580895e-08,prior_wiener,0.00014224902203764612,0.00010829458223295776,0.00013465707657277047,4.1964126692992076e-05,1.8766927980388745e-06,500
extended_grid,critical,3e-08,8.607240113580895e-08,oracle_spectral_bound,9.050194815452278e-05,6.893211763234528e-05,8.663553491144736e-05,2.700163239485769e-05,1.2075497107672448e-06,500
extended_grid,critical,1e-08,2.8690800377968883e-08,scnet,8.160433876356757e-05,6.241146736000779e-05,7.7541916332471e-05,2.351575169621791e-05,1.0516563866949846e-06,500
extended_grid,critical,1e-08,2.8690800377968883e-08,oracle_tikhonov,9.137571705681269e-05,7.015848278552185e-05,8.674100934303317e-05,2.601290693726669e-05,1.1633325640820833e-06,500
extended_grid,critical,1e-08,2.8690800377968883e-08,oracle_tsvd,9.094776973848113e-05,6.945869886711515e-05,8.685556411593251e-05,2.633526675305258e-05,1.1777489333083146e-06,500
extended_grid,critical,1e-08,2.8690800377968883e-08,tikhonov_discrepancy,9.323561394844052e-05,7.095537653566128e-05,8.784770405737726e-05,2.7707165764468836e-05,1.2391021222641449e-06,500
extended_grid,critical,1e-08,2.8690800377968883e-08,prior_wiener,8.153147941531427e-05,6.23487192527153e-05,7.741452490308152e-05,2.350272651973232e-05,1.0510738830941704e-06,500
extended_grid,critical,1e-08,2.8690800377968883e-08,oracle_spectral_bound,5.170727696061496e-05,3.957625387833318e-05,4.939383685422372e-05,1.4981654560408579e-05,6.699999602498661e-07,500
white_noise,white_energy,0.1,0.10000000000000002,scnet,0.09122651184849513,0.0667336134125978,0.08544732698877908,0.040438069890708056,0.001808445463090214,500
white_noise,white_energy,0.1,0.10000000000000002,oracle_tikhonov,0.10885096171175376,0.082142336843196,0.1011142951795894,0.04227698376429733,0.0018906841916124756,500
white_noise,white_energy,0.1,0.10000000000000002,oracle_tsvd,0.08578452332585741,0.061582925409515134,0.07929062884554307,0.039221826998467844,0.0017540534274062126,500
white_noise,white_energy,0.1,0.10000000000000002,tikhonov_discrepancy,0.14290370538462555,0.10465309043893589,0.13118215153203228,0.06053048802578663,0.0027070057187379187,500
white_noise,white_energy,0.1,0.10000000000000002,prior_wiener,0.09067371312780165,0.06651880565692263,0.08296970111723123,0.03983199142541938,0.0017813408101285293,500
white_noise,white_energy,0.1,0.10000000000000002,oracle_spectral_bound,0.05377232021684571,0.041505718452621104,0.04698580530537308,0.029500323727242365,0.0013192945842472779,500
white_noise,white_energy,0.05,0.05000000000000001,scnet,0.06771329477472175,0.048809054911804255,0.06205651244590929,0.03031981889003273,0.0013559435220719081,500
white_noise,white_energy,0.05,0.05000000000000001,oracle_tikhonov,0.08165177352701662,0.06049411937059658,0.07500016942947506,0.03217658973028005,0.0014389808384205561,500
white_noise,white_energy,0.05,0.05000000000000001,oracle_tsvd,0.064670239962704,0.04616269211013644,0.060040745323038026,0.028188494563079314,0.0012606278005285714,500
white_noise,white_energy,0.05,0.05000000000000001,tikhonov_discrepancy,0.09994995694822761,0.07165387704786065,0.09059287413791922,0.043886411264907575,0.001962659977536917,500
white_noise,white_energy,0.05,0.05000000000000001,prior_wiener,0.06711582420430161,0.04839455021446823,0.062164397356272466,0.029575679779643954,0.0013226646093609975,500
white_noise,white_energy,0.05,0.05000000000000001,oracle_spectral_bound,0.040644891600020404,0.03078950335889511,0.03587649031718888,0.021148340629663056,0.000945782545184946,500
white_noise,white_energy,0.01,0.010000000000000002,scnet,0.03456212509849331,0.02475068420112862,0.03268066986017123,0.01423461561463354,0.0006365913629580108,500
white_noise,white_energy,0.01,0.010000000000000002,oracle_tikhonov,0.04180295227672205,0.030149696802892485,0.039149517734415405,0.016394654457103402,0.0007331912366740623,500
white_noise,white_energy,0.01,0.010000000000000002,oracle_tsvd,0.03398908036553721,0.024261872502007956,0.03151648541755528,0.014220218328528031,0.0006359474967495422,500
white_noise,white_energy,0.01,0.010000000000000002,tikhonov_discrepancy,0.0454086801444583,0.03205472759361895,0.04187228573614609,0.019316517528969682,0.0008638609256668494,500
white_noise,white_energy,0.01,0.010000000000000002,prior_wiener,0.03415946010615538,0.024436086621303043,0.03188605514358673,0.014168540444734723,0.0006336363915276388,500
white_noise,white_energy,0.01,0.010000000000000002,oracle_spectral_bound,0.021282413523734157,0.015789854933484632,0.019229313583061937,0.010458195764789643,0.00046770473304140085,500
white_noise,white_energy,0.005,0.005000000000000001,scnet,0.025943449467761958,0.01865089011624225,0.02433388473973177,0.010356192076753189,0.000463142989433297,500
white_noise,white_energy,0.005,0.005000000000000001,oracle_tikhonov,0.03127575661443968,0.022430479439548907,0.029293437752240387,0.012137673932429194,0.0005428132800327773,500
white_noise,white_energy,0.005,0.005000000000000001,oracle_tsvd,0.025793214445349905,0.018397807511886077,0.023945814850151452,0.010437956667346477,0.0004667996130876776,500
white_noise,white_energy,0.005,0.005000000000000001,tikhonov_discrepancy,0.03289054514065033,0.023296836897141553,0.030541373708304415,0.013427678171170064,0.0006005040234145264,500
white_noise,white_energy,0.005,0.005000000000000001,prior_wiener,0.025555517209688686,0.018329907165773495,0.023853630599969363,0.01029103828277411,0.00046022922318671226,500
white_noise,white_energy,0.005,0.005000000000000001,oracle_spectral_bound,0.0159485359218931,0.011616307748109253,0.014543450486176265,0.007402787504783916,0.0003310627216736577,500
white_noise,white_energy,0.001,0.001,scnet,0.01312737440058227,0.009385787105939642,0.012111247325393305,0.005176663563613972,0.00023150743249774296,500
white_noise,white_energy,0.001,0.001,oracle_tikhonov,0.015826888990800928,0.011321375866276894,0.015050173559328212,0.005932485536072571,0.000265308818683851,500
white_noise,white_energy,0.001,0.001,oracle_tsvd,0.013170145066814583,0.009432832032082112,0.012228174807064514,0.005146485369633392,0.0002301578226341679,500
white_noise,white_energy,0.001,0.001,tikhonov_discrepancy,0.01607860911734719,0.011552224463738676,0.015211484109571693,0.006035176632625972,0.00026990130413539896,500
white_noise,white_energy,0.001,0.001,prior_wiener,0.012767169225717469,0.009191764631425514,0.011920638092991691,0.004854578374132409,0.00021710334493320945,500
white_noise,white_energy,0.001,0.001,oracle_spectral_bound,0.007927416775583222,0.005746732203042938,0.007302734385357047,0.003355006004071987,0.00015004042980049797,500
